Name,Symbol,Price,24h Change (%),7d Change (%),Market Cap,Volume (24h),Circulating Supply
Bitcoin,BTC,102971.22391316087,-2.99120429,1.44034729,2054021681115.7178,71415452451.79219,19947531.0
Ethereum,ETH,3418.60405546943,-4.22940103,3.79128455,412613662101.48444,39610902858.53036,120696534.43525968
Tether USDt,USDT,0.9996282022225279,-0.01359202,-0.04376963,183429624778.27368,139756014462.5928,183497848870.6547
XRP,XRP,2.395533812162204,-5.34261945,8.29625338,143988828126.60373,4512608106.267198,60107199237.0
BNB,BNB,960.6202438457473,-3.30413534,2.50144165,132313145628.55322,2691723512.3505282,137737203.1
Solana,SOL,155.2050639910556,-7.42804233,-0.15050494,85969203226.30844,6143380508.642468,553907205.187988
USDC,USDC,0.9999744283180474,0.00342891,0.00698552,75998436490.5128,15703530099.610966,76000379948.05711
TRON,TRX,0.2976430038044362,0.50156552,4.2744007,28177416343.955353,753986766.5578556,94668498784.7693
Dogecoin,DOGE,0.17238844892019362,-5.34345732,5.96438395,26157305509.194473,2096794768.5476856,151734676383.7052
Cardano,ADA,0.5584250666075432,-5.83924128,7.18755731,20031298514.161766,855048442.047909,35871059005.020645
Hyperliquid,HYPE,38.79093196867072,-6.92955751,-0.99117932,13060333425.086002,437831434.38859236,336685219.0
Chainlink,LINK,15.341653595363308,-5.95764462,4.01251441,10690830854.622742,762697644.9958222,696849970.4525867
Bitcoin Cash,BCH,506.2663923597569,-1.66266509,5.00746861,10100897329.598827,480655017.2776905,19951743.75
Stellar,XLM,0.2820990545803724,-6.21287052,4.26978397,9058536412.667215,221489105.53423008,32111190255.996986
UNUS SED LEO,LEO,9.24659500512089,0.64824078,-3.13809501,8527716117.64138,3788166.47256842,922254744.9
Ethena USDe,USDe,0.9989566035616536,-0.02653031,-0.02953339,8386399800.220642,127852712.35572055,8395159279.512236
Litecoin,LTC,100.07390267736791,-4.67361941,17.17025976,7656595073.459423,922671942.5462854,76509408.23347135
Hedera,HBAR,0.1782055937697779,-7.56792375,5.47652561,7569323569.209222,327679025.9882886,42475229924.53288
Sui,SUI,2.016215709311988,-6.90342419,1.91454525,7422346264.266375,916351136.9546521,3681325480.198332
Zcash,ZEC,454.4655336100664,-12.52907335,2.26832057,7410894488.192521,2510615237.0936294,16306835.0405448
Avalanche,AVAX,17.085869327329203,-5.97714241,6.38054237,7297139704.055917,461627461.6800601,427086240.93150413
Monero,XMR,371.17275043817506,-3.74467231,9.34349175,6846928734.467879,218984581.14535147,18446744.07370955
Shiba Inu,SHIB,9.682701524429698e-06,-4.46447539,9.28390026,5705481277.408901,148579069.6459506,589244774613141.8
Dai,DAI,0.9997166989804269,-0.01469275,-0.04439464,5363862684.274807,104526807.90293427,5365382702.664872
Uniswap,UNI,8.22143875833472,-8.65099774,61.74435739,5182223831.075749,3284592424.4388304,630330527.7099
Toncoin,TON,2.036656666029824,-4.66264174,7.24255408,5065093665.247648,138657994.52750134,2486964911.528921
Polkadot,DOT,3.0635327726049755,-5.99547643,21.84925391,5007593853.59787,334419790.8668077,1634581453.9270701
Cronos,CRO,0.12564833210986026,-7.90630721,3.47518397,4537895346.8643,31424774.61650587,36115842293.04854
Canton,CC,0.11903405903654686,-0.0813047,-21.51219044,4161586324.8635883,68333318.67202416,34961307364.859856
Mantle,MNT,1.241228987737835,-5.96799611,-2.22964327,4037648457.4700465,124789529.7394311,3252944055.7368407
Bittensor,TAO,363.8967163636887,-6.20703846,-9.07996156,3742687921.837516,247482669.16734338,10285028.01354483
World Liberty Financial,WLFI,0.15121829919550497,-1.8920586,33.08761884,3716217244.572022,273519019.1464256,24575182133.0
NEAR Protocol,NEAR,2.557718344492591,-8.60830147,39.18952794,3273130112.956792,467374469.755966,1279707017.0
Internet Computer,ICP,6.059221074644244,-11.21161421,15.10679796,3271770682.0439777,485813037.85116225,539965556.915428
Aave,AAVE,208.20643214455907,-7.94421723,10.23228763,3179123334.980113,453501835.2427866,15269092.80484105
PayPal USD,PYUSD,0.999450264875884,-0.01103206,-0.05603938,3116488147.835604,119108900.08026414,3118202333.182255
Bitget Token,BGB,4.092466904334332,-0.03084481,0.1754475,2855176037.971424,69529143.8577723,697666249.896244
World Liberty Financial USD,USD1,0.9991130997368695,-0.03283599,-0.03689668,2828276312.7149525,291205042.05190766,2830786938.395482
OKB,OKB,122.4245692245744,-4.40650539,-1.25691649,2570915953.7160625,50452865.24858565,21000000.0
MemeCore,M,2.4343672701669945,2.10471403,-0.76539255,2530527372.3741007,14275926.31597303,1039501066.0
Pepe,PEPE,5.856240960899049e-06,-6.01443571,4.31347095,2463661422.1875863,353584851.74567324,420689899653542.56
Ethereum Classic,ETC,15.6788410433511,-4.67197618,9.35880243,2419034416.8221955,129933549.79118843,154286557.9243838
Ethena,ENA,0.3114922527421635,-8.13372085,-2.56276538,2312343269.9656544,354697876.29834366,7423437500.0
Aptos,APT,3.1066602410612196,-5.7545,21.10633493,2239997276.140433,121278931.80904458,721030657.4674741
Aster,ASTER,1.0918422339294094,0.04403373,11.94256634,2203010075.3993692,731604865.3074548,2017700000.0
Ondo,ONDO,0.6515438474573993,-5.67353918,9.49674544,2058297073.9762976,78502674.26472366,3159107529.0
Pi,PI,0.22320996498366577,-3.91255538,2.53926817,1854508864.945736,28397512.40207825,8308360538.838159
Polygon (prev. MATIC),POL,0.17180180759982316,-5.74758435,5.76049669,1809860311.9108078,134449078.8391344,10534582477.307247
Worldcoin,WLD,0.7746190112672321,-6.44627472,9.95091571,1758767714.7813454,161054536.70578086,2270493867.564782
KuCoin Token,KCS,12.958221867876132,-1.27386232,9.36310589,1681055308.2453961,7939976.31084839,129728856.73556715
Filecoin,FIL,2.243519037922289,-11.35491865,64.09436857,1594477009.8060076,643867038.6208881,710703579.0
OFFICIAL TRUMP,TRUMP,7.913878045415475,-10.46343925,13.37734317,1582769548.3501666,899280247.8529196,199999234.163972
Algorand,ALGO,0.1782499204013535,-5.45516084,15.57643028,1567432977.651079,83114534.10048176,8793456816.820978
Tether Gold,XAUt,4123.443880193955,0.38538158,4.92009989,1565826854.7471497,11182878064.886072,379737.6417
Arbitrum,ARB,0.2770264049291105,-9.61133637,8.45390184,1526330142.3713307,216132480.6017699,5509691911.0
Pump.fun,PUMP,0.004139291080479116,-8.05132941,10.1304807,1465309042.489607,421473270.3351792,354000000000.0
VeChain,VET,0.01699340573617768,-1.98047132,21.07808793,1461178691.9627059,84398805.54341383,85985041177.0
Cosmos,ATOM,2.9589359658785446,-4.67850403,17.34057206,1412383578.5080671,94063073.78347036,477328200.0
PAX Gold,PAXG,4128.416639978083,0.37381985,4.99579275,1376226652.882738,177635145.80340078,333354.594
Kaspa,KAS,0.0497070979707858,-5.55809073,12.27589088,1337488427.6376994,42645925.54370116,26907393153.866623
Flare,FLR,0.015560796346059847,-3.9468498,14.34502969,1219466124.857823,7930964.46772466,78367848131.79591
Render,RENDER,2.335916594948843,-7.48810525,25.33603565,1211370410.782837,78376856.38545907,518584616.1640741
Sky,SKY,0.05269455156585371,-8.21641957,-0.31537154,1207375297.3393764,17973899.16817991,22912716048.65048
Story,IP,3.5620591029956845,-8.41838156,-3.43622549,1151373810.4420362,44767182.65651082,323232652.0
Sei,SEI,0.17572465109396918,-7.45503276,11.13825059,1098083819.5687811,130620541.6089059,6248888888.0
Jupiter,JUP,0.33621995466660054,-7.85697105,-2.05839934,1082187432.2984002,49334373.02129499,3218688888.86
XDC Network,XDC,0.059186158961018476,-2.4453537,15.95345926,1050957095.1804056,39660816.18346428,17756805199.55
Ripple USD,RLUSD,0.9998450964159799,-0.00623369,-0.04246337,1027538888.4227241,81332418.70829849,1027698082.539
Bonk,BONK,1.2377060686633626e-05,-8.23348359,7.84519528,1017297809.9704741,149429525.29021782,82192196978486.64
Quant,QNT,82.77628292966234,-1.57760678,13.72925331,999336376.4236859,18144145.88141892,12072738.0
Aerodrome Finance,AERO,1.0993442640310342,-8.93366041,36.51687081,991849198.8188959,225884649.72857907,902218923.8355787
First Digital USD,FDUSD,0.9970757773479462,-0.0358404,-0.07371345,983307880.1321688,5003016136.485505,986191724.311669
GateToken,GT,11.792540843880005,-3.2957613,1.36621046,946625995.7761809,4126637.49848395,80273285.31725654
Pudgy Penguins,PENGU,0.014730913112102385,-9.42860534,2.07077112,925991032.9947197,198289062.24605623,62860396090.04
Virtuals Protocol,VIRTUAL,1.3420234115071676,-8.0882567,-1.45670972,880477431.5052869,514467324.8707851,656082020.5934123
PancakeSwap,CAKE,2.535858646489955,-3.84431413,16.40141708,859204765.9906138,256411460.3114662,338822026.68508136
Immutable,IMX,0.4288290968262966,-8.22624522,2.4008351,852929293.3133594,68622754.97796145,1988972529.209814
Dash,DASH,67.31445022892177,-7.5549311,-45.44685372,840075548.4709357,314541959.48415756,12479869.41309068
Celestia,TIA,0.9626625225329194,-7.2366302,22.82312251,805882429.3175601,106763191.59239458,837139091.274847
Artificial Superintelligence Alliance,FET,0.33160297308025366,-5.66511738,57.6908965,782714563.9074243,326640382.40048873,2360396701.624246
Optimism,OP,0.40852289109097534,-7.7020818,17.65202586,774792630.0866734,129608305.01186258,1896570907.0
Injective,INJ,7.58128988324713,-7.30716447,16.60944765,757908641.2425853,125640955.28935347,99970935.41
Stacks,STX,0.41428427860784045,-3.44390952,16.32746346,750008826.2619821,30262023.09072512,1810372406.07418
Lido DAO,LDO,0.8071435737331877,-8.50297581,11.05879903,718837644.5765795,112511713.99421898,890594521.1851504
Morpho,MORPHO,1.9915192541980524,-1.06017333,22.42699374,712963919.611635,31343470.61747798,358000013.3610218
Nexo,NEXO,1.0822116706386669,-1.62979549,2.51578185,699266568.5223436,7356741.50305612,646145839.5746847
The Graph,GRT,0.06377671359029052,-7.40955441,16.50009628,674412739.1041151,29511226.61609848,10574592216.159424
Starknet,STRK,0.14666772760654004,-11.35133952,41.50632186,668807869.2655995,286697232.7091097,4560020668.348971
Curve DAO Token,CRV,0.4715511856866114,-10.30758335,11.5837312,665556636.8848683,201382700.19643626,1411419708.161207
Tezos,XTZ,0.5961234056514297,-4.83288458,14.85939074,634852815.4797482,32535726.05848569,1064968779.050029
SPX6900,SPX,0.6646239677937261,-8.22936167,3.26208394,618760321.5108652,27032531.22546009,930993090.07
DoubleZero,2Z,0.17689448311323447,-7.8423432,10.93077264,614074604.3327366,20726298.31296552,3471417500.0
Kaia,KAIA,0.09956665402789064,-4.46926931,15.96029211,613916616.2875832,63995310.01334978,6165885780.550713
SOON,SOON,2.0218899389537146,2.8463729,180.65005755,596810083.8249061,141556300.92173567,295174367.4701417
IOTA,IOTA,0.14223971258139395,-4.51363149,12.30940083,587050169.7326256,23223644.98175859,4127188948.0
Pyth Network,PYTH,0.10095469394402272,-7.26982777,9.68023129,580487772.0780108,33764564.94479423,5749982981.473642
FLOKI,FLOKI,5.983632310892532e-05,-7.62055431,3.8516303,570833658.8465574,69007353.9539894,9539918718057.236
MYX Finance,MYX,2.5096001003861352,1.73299413,25.68128791,554886193.5134389,32542051.95022361,221105423.7
ether.fi,ETHFI,0.9491931534232113,-6.44617877,15.33919215,535404751.93725413,58298901.90120267,564063015.0
Ethereum Name Service,ENS,13.974413672104697,-5.15595664,11.16975982,528418545.08351433,101323141.27283756,37813289.16420497
Trust Wallet Token,TWT,1.2256217856248741,-6.1216254,6.85152572,526846412.527714,27187516.77349949,429860515.46
Conflux,CFX,0.10174992716052803,-0.49043368,15.74922922,524356442.4645886,212071480.80899343,5153383959.06
The Sandbox,SAND,0.19841396491145624,-5.65832026,14.10309547,518513070.08928615,63739042.93356717,2613289192.2233224
Decred,DCR,30.03561036174876,-1.77126718,-14.25377999,514139551.9980985,20273178.42225057,17117666.19042543
DeXe,DEXE,6.134033845194687,-4.24183146,1.04144934,513625045.5424058,7149575.19313766,83733650.40115848
Maple Finance,SYRUP,0.4370885237544773,-6.20162516,17.20781752,497694603.6052051,36510843.82611559,1138658593.298532
TrueUSD,TUSD,0.9961542428022004,-0.04585983,0.00144719,492613298.06013227,35627360.83833325,494515083.0
AB,AB,0.005643609839584786,2.22013491,4.26248891,486868431.57800055,12376053.93619787,86268974187.95
Plasma,XPL,0.2688771334762613,-13.4880374,8.1314261,483978840.25727034,230257118.19402742,1800000000.0
Bitcoin SV,BSV,24.099388440195966,-5.40032216,14.75865428,480687380.86580414,36314689.12770867,19946040.625
BitTorrent [New],BTT,4.7425703742494194e-07,-0.86392489,10.79006753,467646436.3312133,12021951.86042064,986061142857000.0
Gala,GALA,0.009937057835340605,-6.30962546,16.40664647,462710165.08392274,74266863.94835427,46564101039.87915
dogwifhat,WIF,0.46312762868453483,-7.02768416,15.17546879,462590336.8188828,134775464.55739105,998839862.205634
JasmyCoin,JASMY,0.0093336977421567,-6.30547537,10.85940915,461504681.8477365,31148159.8273949,49444999677.16958
Theta Network,THETA,0.45614946020896574,-6.44002509,11.73667979,456149460.2089657,28896290.98997322,1000000000.0
Pendle,PENDLE,2.684783331579375,-7.92227645,2.17958688,449725418.3975031,69789679.61323091,167509017.62077892
Flow,FLOW,0.27672850992261955,-2.75596493,17.93021106,448429175.7416829,16954101.78939829,1620466123.5196738
Decentraland,MANA,0.22516849912747477,-5.29795013,12.3661671,443520924.9525792,31621697.76998462,1969729010.368757
Vaulta,A,0.27459223562898105,-7.36260258,11.97954509,440158345.09265167,44233785.72644788,1602952625.6794
ZKsync,ZK,0.05025911515775213,-11.51192288,-19.60530789,435633162.15529674,96255802.53805616,8667744364.140547
Helium,HNT,2.322927891604373,-5.23172437,6.99696784,432811265.8215026,7044459.1813409,186321438.2959488
Sun [New],SUN,0.022414211386272084,-0.3435499,5.03390296,429855615.56684005,18981136.27427669,19177815724.095093
Sonic,S,0.14077131355209796,-7.11002545,11.75578701,405421383.0300421,61615021.03616066,2880000000.0
USDD,USDD,0.9995819301805735,-0.05271774,-0.02735376,404274047.53241843,9245454.63386019,404443133.0
AINFT,NFT,4.018483614534639e-07,-0.0565016,1.25438174,401844342.96984935,39864602.48599407,999990000000000.0
Raydium,RAY,1.489539855716394,-9.07203641,11.75200021,399575959.98464435,84351245.93068041,268254628.065973
Merlin Chain,MERL,0.36433207815828567,5.69924087,16.23838213,383269151.6654146,357896170.8121995,1051977508.0
Humanity Protocol,H,0.1713301682132608,1.33638907,-32.60919974,372958571.7108392,34014281.90630602,2176841216.0
JUST,JST,0.03701514780089884,0.73643455,8.73360171,366449963.2288985,26896940.88187766,9900000000.0
Neo,NEO,5.106242530886887,-4.97433515,7.01375098,360188378.9312424,30509162.09241202,70538831.0
Aethir,ATH,0.024828722899921333,-5.9671208,4.62447127,353430210.2251197,20346913.16664073,14234731752.0
Zebec Network,ZBCN,0.003611897121511873,-1.52353572,18.84327105,338658314.8312098,18331670.43207599,93761893940.50452
EigenLayer,EIGEN,0.7706016018509382,-7.68298109,1.96624091,336222388.43301463,68287636.58835104,436311561.80499613
Walrus,WAL,0.22184485895196926,-1.91827317,6.25915137,335355478.52300847,33184577.94262442,1511666667.0
Chiliz,CHZ,0.032805845650159544,-4.44049131,16.82207049,331191945.65818584,24543493.9485788,10095516183.0
Gnosis,GNO,120.51754048087855,-4.64205581,5.06979147,318072722.52257395,5337724.58010787,2639223.47944895
Compound,COMP,32.95738533585813,-6.35286075,5.43703847,317722057.9529598,22414539.44316527,9640390.30145008
LayerZero,ZRO,1.5170973846202822,-6.16178646,7.01739758,317004157.8105588,55646147.67741025,208954389.49682358
Arweave,AR,4.784887722059174,-13.03140336,13.70738065,314139678.4863074,92869676.84320047,65652466.0
Basic Attention Token,BAT,0.21001205876083964,-5.43680977,7.79334266,314117547.3928211,39000523.65644634,1495711956.9526057
OriginTrail,TRAC,0.6170857116961537,-6.84947337,17.86224284,308541806.55676687,3477135.01349932,499998299.602
Wormhole,W,0.06181703424053294,-7.3426353,9.80215905,303067277.54126686,41690625.51381075,4902649913.0
Fartcoin,FARTCOIN,0.29604658235545794,-12.74214509,14.84963232,296046066.0502183,112835679.64477251,999998256.0
Falcon Finance,FF,0.12632248467088175,-10.60688429,5.92724696,295594614.1298633,54780096.35287768,2340000000.0
EURC,EURC,1.1591811230794675,0.25119811,0.91661229,294056922.9183942,87505734.49760859,253676424.7309393
DeepBook Protocol,DEEP,0.0656461501279097,-6.67120876,7.8834258,286752073.8562234,19573252.53148556,4368147611.05556
1inch,1INCH,0.20473560311972333,-8.36206025,40.30032195,286550076.0873387,31568654.16596723,1399610383.9339201
Jito,JTO,0.7143013208697891,-10.92519802,-6.53380584,285350775.9121478,44376892.12361299,399482357.9
0G,0G,1.3325531531101633,-13.14343369,14.42286057,284158961.91671735,82232798.68802251,213243998.0
ApeCoin,APE,0.37744102849494066,-7.50197016,6.85136093,284081561.91987526,31783390.98394628,752651515.0
eCash,XEC,1.4143015586758728e-05,-5.87508067,9.32028049,282099616.17174983,8595257.72703531,19946214047580.0
MultiversX,EGLD,9.484350390897841,-6.01749572,14.39952253,272898253.09003997,15053404.48599925,28773531.32713667
THORChain,RUNE,0.7755269180431537,-6.30123285,1.56373592,272366196.74343276,31789111.08289357,351201474.0
Synthetix,SNX,0.7845720905405797,-8.65649772,-7.49670113,269474007.90049803,34873813.48020855,343466216.99839866
ZORA,ZORA,0.05998486986125928,-3.4597132,-0.83125944,268132368.2198441,54634489.21416744,4469999999.0
Reserve Rights,RSR,0.004316596074403558,-8.5869007,-2.80742986,263593809.62145337,19558938.65020344,61065201626.0
WEMIX,WEMIX,0.5599113044832731,-1.04082135,-2.19958263,256556171.49431816,4599016.39905803,458208593.8255647
dYdX,DYDX,0.3120401098295596,-11.56389605,15.32208997,251710275.0629832,23555767.34045872,806660000.2175062
FTX Token,FTT,0.757140262448025,-4.46570457,-3.06013859,249019725.21900198,5896132.51909854,328895103.813207
Onyxcoin,XCN,0.006657383415799658,-4.58600633,4.81755672,240039008.17037725,13704130.42453345,36056058841.48175
Livepeer,LPT,5.154764369165695,-2.19835248,6.40398668,239542200.81937546,42295086.51732333,46470058.31192739
Amp,AMP,0.002704385045615902,6.37380174,19.57584273,227931341.57723165,33927164.91022232,84282133547.0453
Axie Infinity,AXS,1.363441191955963,-7.29671551,14.81224114,227724279.92957228,32139871.89982925,167021710.41413528
Golem,GLM,0.2267814987217619,-6.89095306,26.79499308,226781498.7217619,38468344.24931944,1000000000.0
Cheems (cheems.pet),CHEEMS,1.1975945806726077e-06,-1.83342271,-5.65526506,224543037.55003875,2752294.98621224,187495034775398.0
Horizen,ZEN,12.685851249056189,-1.63699069,-36.9122805,222857015.70818058,146940394.01186597,17567367.87566864
Brett (Based),BRETT,0.022270911836310525,-11.48502588,4.60698949,220710001.03004086,25450598.48891047,9910236395.0
Core,CORE,0.20674677895361918,-4.89589972,8.54917777,210404871.88634363,32290974.28274415,1017693590.9291486
Beam,BEAM,0.004251311764577173,-7.42845905,4.53181445,210295405.46604186,7558709.48059848,49466004168.0
Toshi,TOSHI,0.0004967702637301335,-8.25193548,-6.32757236,208978778.78856683,23353076.60480548,420674895512.854
Creditcoin,CTC,0.41274356829112374,-3.47808961,1.86696507,208645105.96604633,10305286.80250353,505507831.0
Meteora,MET,0.43560197157521413,11.07361368,23.56663802,208103454.852244,114445126.6082663,477737633.049972
Berachain,BERA,1.573321934379686,-7.05009367,-0.13187071,207807454.86545438,28525537.60531788,132081966.3951273
Nano,XNO,1.5229813222679383,21.16504225,76.16552536,202934667.55501094,18568240.06376287,133248297.0
Ronin,RON,0.2801641518051605,-6.79877587,1.97433348,202022674.21122757,3635272.63177705,721086808.9637812
KAITO,KAITO,0.8346063704837351,-7.20717629,-3.99902887,201464704.52339122,13934334.16153064,241388889.0
Convex Finance,CVX,2.0454624786891653,-10.14961161,7.10206477,199992316.7893665,21528204.67267682,97773642.32930422
MX Token,MX,2.1527003317628903,-1.73446714,6.02034977,199031857.22554648,22046658.98083561,92456834.0
Kusama,KSM,11.47920265070199,-7.1025176,25.20326863,198748485.7283434,17283701.84044467,17313788.402907
Qtum,QTUM,1.8706316288550269,-4.30883908,11.06055332,198076536.53049272,52139311.15085353,105887516.0
AIOZ Network,AIOZ,0.1620466247432113,-7.55755518,19.45316778,197071008.2393969,15824158.86047527,1216137692.1715422
Kamino Finance,KMNO,0.060729617467377664,-4.17674401,5.15497202,195499461.48035362,18197566.41749339,3219178213.75
Terra Classic,LUNC,3.550423301414626e-05,-5.82252642,-4.15951026,195051083.16934407,10564858.5815054,5493741636148.799
SuperVerse,SUPER,0.2993047190370583,-7.957424,1.57824516,190705780.88062957,10596706.78450993,637162626.4169173
Linea,LINEA,0.012239234725346375,-5.98394547,7.09301733,189489641.5886667,76154528.47190143,15482147850.0
Sahara AI,SAHARA,0.07783233440120961,-1.26057131,0.28696682,185013944.95143023,23918367.66698362,2377083334.0
Lombard,BARD,0.8174366056903801,1.49319649,19.74576056,183923236.28033552,30106514.56401645,225000000.0
Prom,PROM,10.054459994532712,11.77268149,-5.94938542,183493894.900222,6561443.727162,18250000.0
Akash Network,AKT,0.6395544476600701,-8.11970587,11.959883,180389787.97696337,7722130.52073692,282055403.784546
Mina,MINA,0.1394720401148144,-11.85789814,2.87915285,175906519.04252222,40283257.2817587,1261231418.8400393
SafePal,SFP,0.346386892960492,-4.12475533,6.22974622,173193446.480246,3870227.46938294,500000000.0
0x Protocol,ZRX,0.20321854941574505,-4.55546805,6.0403966,172409918.84130213,30754819.69216082,848396562.8973439
Useless Coin,USELESS,0.17115482557346556,-19.10381611,11.00579912,170999160.05467665,45018714.57054055,999090498.802664
Axelar,AXL,0.15982117942759358,-6.66305623,4.6543341,170785347.03580236,8999737.28093185,1068602719.911575
Four,FORM,0.4402847453994991,-5.22364319,2.19463887,168130327.20773432,26022772.66096977,381867255.144574
Dog (Bitcoin),DOG,0.0016733329261474578,-5.49175229,15.73748512,167333292.61474577,5855898.68027941,100000000000.0
Movement,MOVE,0.05910180605334742,-8.76278881,12.77657343,165485056.94937277,24553896.47719485,2800000000.0
Theta Fuel,TFUEL,0.022949414793295316,-3.00734084,10.58154101,163588475.03932673,2752587.11564061,7128219892.0
yearn.finance,YFI,4794.614764903879,-3.61676502,10.12621149,162776865.527602,18949577.59970409,33949.93623244
DigiByte,DGB,0.008993638068102449,-6.99650041,-2.44746458,161855606.53380227,6790154.52640613,17996677796.925385
